Accuracy,Precision,Recall,F1-Score,AUC
0.868421052631579,1.0,0.2857142857142857,0.4444444444444445,0.8940092165898617
0.7894736842105263,0.5,0.25,0.3333333333333333,0.7916666666666667
0.7894736842105263,0.5,0.25,0.3333333333333333,0.7791666666666667
0.8378378378378378,0.6666666666666666,0.2857142857142857,0.4,0.8428571428571429
0.8378378378378378,0.6666666666666666,0.2857142857142857,0.4,0.7619047619047619
