Accuracy,Precision,Recall,F1-Score,AUC
0.8333333333333334,0.5,0.2857142857142857,0.36363636363636365,0.7346938775510203
0.8333333333333334,0.0,0.0,0.0,0.9020408163265305
0.7857142857142857,0.0,0.0,0.0,0.8125
0.8571428571428571,1.0,0.25,0.4,0.7610294117647058
0.8095238095238095,0.0,0.0,0.0,0.886029411764706
