Accuracy,Precision,Recall,F1-Score,AUC
0.8571428571428571,0.6,0.42857142857142855,0.5,0.7142857142857142
0.8333333333333334,0.0,0.0,0.0,0.873469387755102
0.8095238095238095,0.0,0.0,0.0,0.8272058823529411
0.8095238095238095,0.0,0.0,0.0,0.7647058823529411
0.8095238095238095,0.0,0.0,0.0,0.8455882352941176
