Accuracy,Precision,Recall,F1-Score,AUC
0.8571428571428571,0.6,0.42857142857142855,0.5,0.8612244897959184
0.9047619047619048,0.7142857142857143,0.7142857142857143,0.7142857142857143,0.9836734693877551
0.9523809523809523,0.875,0.875,0.875,0.9522058823529411
0.8571428571428571,0.6666666666666666,0.5,0.5714285714285715,0.9632352941176471
0.9285714285714286,1.0,0.625,0.7692307692307693,0.9375
