Accuracy,Precision,Recall,F1-Score,AUC
0.8333333333333334,0.0,0.0,0.0,0.7346938775510204
0.8333333333333334,0.0,0.0,0.0,0.9183673469387755
0.8095238095238095,0.0,0.0,0.0,0.8235294117647058
0.8095238095238095,0.0,0.0,0.0,0.7647058823529411
0.8095238095238095,0.0,0.0,0.0,0.8786764705882353
