Accuracy,Precision,Recall,F1-Score,AUC
0.9285714285714286,1.0,0.5714285714285714,0.7272727272727273,0.9183673469387755
0.9047619047619048,0.6666666666666666,0.8571428571428571,0.75,0.9755102040816326
0.9761904761904762,1.0,0.875,0.9333333333333333,0.9595588235294118
0.9047619047619048,0.8333333333333334,0.625,0.7142857142857143,0.9558823529411765
0.9285714285714286,1.0,0.625,0.7692307692307693,0.9191176470588235
