Accuracy,Precision,Recall,F1-Score,AUC
0.8333333333333334,0.5,0.14285714285714285,0.22222222222222224,0.7142857142857143
0.8571428571428571,1.0,0.14285714285714285,0.25,0.8775510204081631
0.7857142857142857,0.0,0.0,0.0,0.7463235294117647
0.8095238095238095,0.5,0.125,0.2,0.7169117647058824
0.7857142857142857,0.0,0.0,0.0,0.8602941176470588
