Feature,Importance
fico_score,0.5060512290460034
Loan_to_Income_Ratio,0.26307622191149954
Monthly_Repayment_Burden,0.23087254904249704
