Feature,Importance
fico_score,0.7268248199248634
Monthly_Repayment_Burden,0.17999677771611672
Loan_to_Income_Ratio,0.09317840235901999
