Feature,Importance
fico_score,1.4265486669772847
Monthly_Repayment_Burden,0.41785187409791186
Loan_to_Income_Ratio,0.41377252628786576
