Feature,Importance
fico_score,0.9808298177137054
Loan_to_Income_Ratio,0.23800026171419136
Monthly_Repayment_Burden,0.14303303258934233
