Feature,Importance
fico_score,0.5003236192094652
Monthly_Repayment_Burden,0.2733092581181135
Loan_to_Income_Ratio,0.22636712267242112
