Feature,Importance
fico_score,0.5410071942446042
Loan_to_Income_Ratio,0.27050359712230215
Monthly_Repayment_Burden,0.1884892086330936
