Feature,Importance
fico_score,0.9363317173618317
Monthly_Repayment_Burden,0.3099130525622065
Loan_to_Income_Ratio,0.23899165128958275
