Feature,Importance
fico_score,0.0012728051469026447
Monthly_Repayment_Burden,0.00045527662640426625
Loan_to_Income_Ratio,6.0077512637479735e-05
