Feature,Importance
fico_score,1.0048056708573392
Monthly_Repayment_Burden,0.25248095374216956
Loan_to_Income_Ratio,0.1918475889635154
