Feature,Importance
fico_score,0.04708994708994711
Monthly_Repayment_Burden,-0.046560846560846546
Loan_to_Income_Ratio,-0.08571428571428566
