Feature,Importance
fico_score,1.2547287855606477
Monthly_Repayment_Burden,0.29446424603322496
Loan_to_Income_Ratio,0.26292412983234814
