Feature,Importance
fico_score,0.41183674564025735
Monthly_Repayment_Burden,0.3148409886781196
Loan_to_Income_Ratio,0.2733222656816231
