Feature,Importance
fico_score,0.053968253968254
Monthly_Repayment_Burden,0.021164021164021194
Loan_to_Income_Ratio,0.003174603174603204
