Feature,Importance
fico_score,0.7020189598535015
Monthly_Repayment_Burden,0.15473635650525186
Loan_to_Income_Ratio,0.14324468364124673
