Feature,Importance
fico_score,0.4785756532308382
Monthly_Repayment_Burden,0.2806465492489426
Loan_to_Income_Ratio,0.24077779752021902
