Feature,Importance
fico_score,1.5410947973216547
Monthly_Repayment_Burden,0.3548292457829812
Loan_to_Income_Ratio,0.20312733193689608
