Feature,Importance
fico_score,0.006878306878306917
Monthly_Repayment_Burden,-0.06825396825396822
Loan_to_Income_Ratio,-0.07619047619047616
