Feature,Importance
fico_score,0.46679891763427817
Monthly_Repayment_Burden,0.29074732749353555
Loan_to_Income_Ratio,0.24245375487218634
