Feature,Importance
fico_score,0.7463306640002719
Monthly_Repayment_Burden,0.16187267486747983
Loan_to_Income_Ratio,0.09179666113224816
