Feature,Importance
fico_score,0.06349206349206352
Monthly_Repayment_Burden,-0.01957671957671954
Loan_to_Income_Ratio,-0.058730158730158716
