Feature,Importance
fico_score,0.05185185185185188
Monthly_Repayment_Burden,-0.03386243386243383
Loan_to_Income_Ratio,-0.06296296296296294
