Feature,Importance
fico_score,-0.06455026455026457
Monthly_Repayment_Burden,-0.10952380952380955
Loan_to_Income_Ratio,-0.18359788359788365
